https://literama.sk/sk/knihy/478401/fit-krabicky-ladi-hrusky-iii	Fit krabičky Ládi Hrušky III	14,28€	Životný štýl, zdravie	CZE	Láďa Hruška	Esence	9788024294179	Neviazaná, bez prebalu, lesklá	2023/11	144	155×208×14 mm	0,24	U dodávateľa	13%
https://literama.sk/sk/knihy/511749/svou-videt-bledou-mrtvolu	Svou vidět bledou mrtvolu	10,33€	Poézia	CZE		Dybbuk	9788076901025	Tvrdá, bez prebalu, lesklá	2024/10	180	90×140 mm	0,16	U dodávateľa	6%
https://literama.sk/sk/knihy/494727/vyvysene-zahony-krok-za-krokem	Vyvýšené záhony Krok za krokem	15,73€	Hobby a voľný čas	CZE	Anja Kleinová	Esence	9788024296197	Neviazaná, bez prebalu, lesklá	2024/06	176	170×240	0,49	U dodávateľa	13%
https://literama.sk/sk/knihy/511332/basne-velka-morava-pavel-petr	Básně Velká Morava	27,00€	Poézia	CZE	Pavel Petr	Větrné mlýny	9788074435270	Tvrdá, bez prebalu, lesklá	2024/09	388	148×210 mm	0,74	U dodávateľa	18%
https://literama.sk/sk/knihy/508866/makrame-andele	Makramé Andělé	7,16€	Náučná a odborná literatúra	CZE		Bookmedia	9788076392854	Neviazaná, bez prebalu, lesklá	2024/10		175×225×5 mm	0,20	U dodávateľa	18%
https://literama.sk/sk/knihy/499752/vse-o-rezu-stromu-a-keru-helmut-pirc	Vše o řezu stromů a keřů	41,92€	Hobby a voľný čas	CZE	Helmut Pirc	Nakladatelství Brázda	9788020904829	Pevná	2024/05	368	196×266	1,09	U dodávateľa	18%
https://literama.sk/sk/knihy/505353/notes-sakura-linajkovany-13	Notes Sakura, linajkovaný, 13 × 21 cm	8,64€	Doplnkový tovar	SVK		PRESCOGROUP SK	8595689343736	Tvrdá, bez prebalu, lesklá	2024/09	172	216×135×18 mm	0,36	U dodávateľa	13%
https://literama.sk/sk/knihy/502162/tazke-casy-v-cine	Ťažké časy v Číne	19,99€	Cestopisy	SVK	Pavel Dvořák ml.	RAK	9788085501933	Pevná	2024/07	264	130×195		U dodávateľa	13%
https://literama.sk/sk/knihy/502265/davne-proso-jan-skacel	Dávné proso	13,34€	Poézia	CZE	Jan Skácel	MOBA	9788027915965	Tvrdá, bez prebalu, lesklá	2024/09	80	120×200 mm	0,23	U dodávateľa	16%
https://literama.sk/sk/knihy/500248/starostlivost-o-psa-a-jeho-vyziva	Starostlivosť o psa a jeho výživa	10,17€	Hobby a voľný čas	SVK		Bookmedia	9788076392656	Tvrdá, bez prebalu, lesklá	2024/05	192	170×247×18 mm	0,70	U dodávateľa	36%
https://literama.sk/sk/knihy/503985/urban-explorer	Urban explorer	35,14€	Cestopisy	CZE	Richard „Ritchie“ Šmíd	Nakladatelství Epocha	9788027801954	Tvrdá, bez prebalu, lesklá	2024/07	232	240×260 mm	1,37	U dodávateľa	20%
https://literama.sk/sk/knihy/483409/30-minut-v-kuchyni	30 minut v kuchyni	14,29€	Životný štýl, zdravie	CZE	kolektiv	Jíme zdravě	9788088387930	Neviazaná, bez prebalu, lesklá	2023/10	192	174×241×9 mm	0,38	U dodávateľa	13%
https://literama.sk/sk/knihy/509290/dopisy-od-srdce	Dopisy od srdce	11,90€	Poézia	CZE	Adéla Matoušková	Sonet	9788090889842	Neviazaná, bez prebalu, lesklá	2024/09	160	130×200 mm	0,21	U dodávateľa	13%
https://literama.sk/sk/knihy/495522/morcata	Morčata	17,15€	Hobby a voľný čas	CZE	Christine Wildeová	Esence	9788024297095	Neviazaná, bez prebalu, lesklá	2024/06	192	173×240	0,51	U dodávateľa	13%
https://literama.sk/sk/knihy/496526/himalajske-ozveny-liba-svrcinova-cunnings	Himálajské ozvěny	19,08€	Cestopisy	CZE	Liba Švrčinová-Cunnings	Nakladatelství Epocha	9788027801695	Tvrdá, bez prebalu, lesklá	2024/04	288	145×205 mm	0,52	U dodávateľa	13%
https://literama.sk/sk/knihy/499050/zajimave-kvetiny	Zajímavé květiny	12,34€	Hobby a voľný čas	CZE	Ewald Weber	Grada Publishing	9788027151530	Viazaná	2024/05	128	193×132 mm	0,21	U dodávateľa	8%
https://literama.sk/sk/knihy/502891/numerologie-sasha-fenton	Numerologie	17,98€	Náučná a odborná literatúra	CZE	Sasha Fenton, Sasha Fentonová	Predstavujeme: Sasha Fentonová	9788027741045	Tvrdá, bez prebalu, lesklá	2024/08	144	150×229 mm	0,49	U dodávateľa	18%
https://literama.sk/sk/knihy/508415/balans-diar-na-stastny-rok-2025	Balans diár na šťastný rok 2025	9,51€	Náučná a odborná literatúra	SVK	Katarína Olejárová	MAFRA	9788082541055	Viazaná	2024/08	200	160×116×18 mm	0,22	U dodávateľa	13%
https://literama.sk/sk/knihy/504854/notes-balacron-2025-tmavo-modry	Notes Balacron 2025, tmavo modrý, linajkovaný, 15	12,12€	Doplnkový tovar	SVK		PRESCOGROUP SK	8595689345907	Tvrdá, bez prebalu, lesklá	2024/09	192	211×151×16 mm	0,38	U dodávateľa	13%
https://literama.sk/sk/knihy/501637/zahrada	Zahrada	22,66€	Hobby a voľný čas	CZE	Ilona Prath-Krejčová	Grada Publishing	9788027150106	Tvrdá, bez prebalu, lesklá	2024/05	320	250×205 mm	1,16	U dodávateľa	8%
https://literama.sk/sk/knihy/511462/terapeuticky-pristup-k-oralnimu	Terapeutický přístup k orálnímu lichen planus - no	22,24€	Náučná a odborná literatúra	CZE	Markéta Janovská; Roy Steele Rogers III.	Grada Publishing	9788024749846	Neviazaná, bez prebalu, lesklá	2024/09	236	207×144 mm	0,43	U dodávateľa	8%
https://literama.sk/sk/knihy/508911/ucebnica-horarnej-astrologie	Učebnica horárnej astrológie	20,08€	Náučná a odborná literatúra	SVK	John Frawley	Ars Boni	9788057060253	Brožovaná	2024/09	284	178×254	0,76	U dodávateľa	13%
https://literama.sk/sk/knihy/507479/balcik	Balčik	12,07€	Poézia	CZE	Radka Rubilina	Dauphin	9788076455719	Neviazaná, bez prebalu, lesklá	2024/09	68	115×200 mm	0,10	U dodávateľa	18%
https://literama.sk/sk/knihy/507626/odolnost-pruznost-resilience	Odolnost, pružnost, resilience	14,34€	Hobby a voľný čas	CZE		Permakultura	9788090896239	Neviazaná, bez prebalu, lesklá	2024/08	87	140×210 mm	0,12	U dodávateľa	13%
https://literama.sk/sk/knihy/498904/jak-ne-cundrovat-v-australii	Jak (ne)čundrovat v Austrálii	16,73€	Cestopisy	CZE	Viktor Krátký	Šimon Ryšavý	9788073542580	Neviazaná, bez prebalu, lesklá	2024/05	329	140×210 mm	0,48	U dodávateľa	13%
https://literama.sk/sk/knihy/497703/pleteni-inspirovane-prirodou	Pletení inspirované přírodou	15,28€	Hobby a voľný čas	CZE	Anna Le Brocq	METAFORA	9788076253230	Neviazaná, bez prebalu, lesklá	2024/05	144	270×210 mm	0,57	U dodávateľa	8%
https://literama.sk/sk/knihy/494630/jaguar-v-kocovine-jan-dungel	Jaguár v kocovině	21,34€	Cestopisy	CZE	Jan Dungel	JOTA	9788076893597	Tvrdá, s prebalom, lesklá	2024/04	256	167×240 mm	0,79	U dodávateľa	22%
https://literama.sk/sk/knihy/496437/rastliny-a-huby-v-kocke	Rastliny a huby v kocke	21,64€	Hobby a voľný čas	SVK		IKAR	9788055194653	Viazaná	2024/08	208			U dodávateľa	13%
https://literama.sk/sk/knihy/507961/moderni-vycvik-psu	Moderní výcvik psů	26,34€	Hobby a voľný čas	CZE	Simon Prins	Plot	9788074284687	Tvrdá, bez prebalu, lesklá	2024/08	320	165×237 mm	0,79	U dodávateľa	20%
https://literama.sk/sk/knihy/510102/vcely-vyrobene-z-tmy	Včely vyrobené z tmy	13,47€	Poézia	CZE	Pavel Šuhájek	Větrné mlýny	9788074435164	Brožovaná	2024/09	104	130×200 mm	0,13	U dodávateľa	18%
https://literama.sk/sk/knihy/497706/moderni-hackovane-motivy-a-vzory	Moderní háčkované motivy a vzory	16,43€	Hobby a voľný čas	CZE	K.B. Brenda Anderson	METAFORA	9788076253278	Neviazaná, bez prebalu, lesklá	2024/05	144	280×230 mm	0,60	U dodávateľa	8%
https://literama.sk/sk/knihy/507422/nej-hackovane-boticky	Nej! Háčkované botičky	7,37€	Hobby a voľný čas	CZE	Lucia Förthmann	Vašut	9788075413772	Neviazaná, bez prebalu, lesklá	2024/09	64	170×210 mm	0,17	U dodávateľa	13%
https://literama.sk/sk/knihy/510116/vianoce-z-abecedy	Vianoce z abecedy	8,59€	Poézia	SVK	Ivona Ďuričová, Adrián Macho	Stonožka	9788055195414	Viazaná	2024/09	64	195×195×13 mm	0,36	U dodávateľa	13%
https://literama.sk/sk/knihy/491781/kocici-rec-gerd-ludwig	Kočičí řeč	14,28€	Hobby a voľný čas	CZE	Gerd Ludwig	Esence	9788024295442	Viazaná	2024/05	128	242×185×14 mm	0,42	U dodávateľa	13%
https://literama.sk/sk/knihy/509486/rodinny-planovaci-kalendar-2025	Rodinný plánovací kalendář 2025	9,55€	Doplnkový tovar	CZE	kolektiv	Extra Publishing	9771805851555	zošitová	2024/09	32	445×285 mm	0,17	U dodávateľa	13%
https://literama.sk/sk/knihy/503077/toulava-kamera-38	Toulavá kamera 38	16,68€	Cestopisy	CZE	Iveta Toušlová; Josef Maršál	Freytag-Berndt	9788074043871	Pevná	2024/07	240	172×237×17 mm	0,70	U dodávateľa	13%
https://literama.sk/sk/knihy/495658/nesamota	Nesamota	22,49€	Cestopisy	CZE	Tim Voors	Práh	9788076960138	Tvrdá, bez prebalu, lesklá	2024/05	264	170×240 mm	0,89	U dodávateľa	18%
https://literama.sk/sk/knihy/502261/ve-stopach-tibetskych-joginu	Ve stopách tibetských jogínů	13,76€	Cestopisy	CZE	Jiří Bím	Malvern	9788075304933	Neviazaná, bez prebalu, lesklá	2024/07	152	115×190×10 mm	0,18	U dodávateľa	13%
https://literama.sk/sk/knihy/496439/astrologia-odhal-mudrost-hviezd	Astrológia: Odhaľ múdrosť hviezd	14,68€	Náučná a odborná literatúra	SVK		AJNA	9788055194745	Viazaná	2024/07	192	251×194×16 mm	0,60	U dodávateľa	13%
https://literama.sk/sk/knihy/511542/oftalmologie-v-edukativnich-kazu	Oftalmologie v edukativních kazuistikách	58,39€	Náučná a odborná literatúra	CZE	Jarmila Heissigerová	MAXDORF	9788073457723	Tvrdá, bez prebalu, lesklá	2024/09	248	200×265 mm	1,13	U dodávateľa	18%
https://literama.sk/sk/knihy/500207/zahradka-v-bedynce-dorothea-baumjohannova	Zahrádka v bedýnce	10,15€	Hobby a voľný čas	CZE	Dorothea Baumjohannová	Vašut	9788075413567	Neviazaná, bez prebalu, lesklá	2024/06	136	167×220 mm	0,27	U dodávateľa	13%
https://literama.sk/sk/knihy/511200/jesenna-mandala	Jesenná mandala	7,90€	Poézia	SVK	Miroslav Daniš	Vydavateľstvo SSS	9788082022554	Viazaná	2024/09	77	135×215 mm	0,21	U dodávateľa	20%
https://literama.sk/sk/knihy/505584/sepot-hvezd	Šepot hvězd	16,58€	Náučná a odborná literatúra	CZE	Ryan Ellis	Fontána	9788076511941	Brožovaná	2024/07	200	140×210	0,26	U dodávateľa	18%
https://literama.sk/sk/knihy/508281/lecitel-postrehy-a-tipy-jan-jilek	Léčitel Postřehy a tipy	10,51€	Náučná a odborná literatúra	CZE	Jan Jílek	Predstavujeme: Jan Jílek	9788090820562	Neviazaná, bez prebalu, lesklá	2024/08	140	110×180 mm	0,13	U dodávateľa	13%
https://literama.sk/sk/knihy/505940/statistika-pro-nematematiky-jan-vojacek	Statistika pro nematematiky	17,80€	Náučná a odborná literatúra	CZE	Jan Vojáček	MAXDORF	9788073457853	Neviazaná, bez prebalu, lesklá	2024/07	148	145×205 mm	0,24	U dodávateľa	18%
https://literama.sk/sk/knihy/508526/anjeli-2025	Anjeli 2025	5,71€	Doplnkový tovar	SVK		Bookmedia	8594186121229	Špirálová, hrebeňová	2024/11		255×255×10 mm	0,26	U dodávateľa	18%
https://literama.sk/sk/knihy/490355/anatomia-cloveka-pre-nelekarske	Anatómia človeka pre nelekárske študijné odbory (3	11,29€	Náučná a odborná literatúra	SVK	kolektiv	Osveta	9788080635268	Brožovaná	2024/09	184	170×240	0,33	U dodávateľa	13%
https://literama.sk/sk/knihy/504852/notes-balacron-2025-bordo-bodk	Notes Balacron 2025, bordó, bodkovaný, 15 x 21 cm	12,12€	Doplnkový tovar	SVK		PRESCOGROUP SK	8595689345921		2024/09	192	211×150×16 mm	0,38	U dodávateľa	13%
https://literama.sk/sk/knihy/491718/kocky	Kočky	12,70€	Hobby a voľný čas	CZE	Marie Perčynská Říhová	Aventinum	9788071512967	Tvrdá, bez prebalu, lesklá	2024/02	192	120×200 mm	0,50	U dodávateľa	20%
https://literama.sk/sk/knihy/508844/permakultura-v-zahrade	Permakultúra v záhrade	12,94€	Hobby a voľný čas	SVK	Damien Dekarz	Citadella	9788081822087	Pevná	2024/09	176	160×240		U dodávateľa	13%
https://literama.sk/sk/knihy/508224/kuriozity-v-medicine	Kuriozity v medicíně	19,12€	Náučná a odborná literatúra	CZE	Antonín Doležal	Galén	9788074927041	Tvrdá, bez prebalu, lesklá	2024/08	247	155×225 mm	0,54	U dodávateľa	13%
https://literama.sk/sk/knihy/499698/zdravi-kone	Zdraví koně	32,14€	Hobby a voľný čas	CZE	Tina Ritter; Ingolf Bender	Nakladatelství Brázda	9788020904812	Tvrdá, bez prebalu, lesklá	2024/05	232	170×245 mm	0,62	U dodávateľa	18%
https://literama.sk/sk/knihy/490390/kucharka-k-vitezstvi-nad-cukrovk	Kuchařka k vítězství nad cukrovkou	23,81€	Životný štýl, zdravie	CZE	Giancarlo Caldesi; Katie Caldesi; Jenny Phillipsová	Alpha book	9788088428299	Tvrdá, bez prebalu, lesklá	2024/01	208	190×240 mm	0,77	U dodávateľa	13%
https://literama.sk/sk/knihy/491488/tri-poloviny-peru	Tři poloviny Peru	18,17€	Cestopisy	CZE	Zdeněk Kalkus	Nakladatelství Olympia	9788073766795	Neviazaná, bez prebalu, lesklá	2024/02	410	130×200 mm	0,47	U dodávateľa	15%
https://literama.sk/sk/knihy/502394/citlivy-vycvik-psa-stante-se-k	Citlivý výcvik psa - Staňte se klidným alfa člověk	13,47€	Hobby a voľný čas	CZE	Jesse Sternberg	Práh	9788076960107	Viazaná	2024/06	224	208×145×15 mm	0,58	U dodávateľa	18%
https://literama.sk/sk/knihy/507414/island-navod-ako-utopit-auto	Island - Návod, ako utopiť auto	15,64€	Cestopisy	SVK	Martin Pročka	Martin Pročka	9788057059684	Pevná	2024/08	208	165×235	1,00	U dodávateľa	13%
https://literama.sk/sk/knihy/508685/dosvetaci-vaclav-vlk	Dosvětáci	12,38€	Poézia	CZE	Václav Vlk	Predstavujeme: Václav Vlk	9788075513557	Neviazaná, bez prebalu, lesklá	2024/09	248	130×200	0,28	U dodávateľa	13%
https://literama.sk/sk/knihy/505357/notes-abstrakt-linajkovany-13	Notes Abstrakt linajkovaný, 13 × 21 cm	8,64€	Doplnkový tovar	SVK		PRESCOGROUP SK	8595689343699	Tvrdá, bez prebalu, lesklá	2024/09	172	216×135×18 mm	0,36	U dodávateľa	13%
https://literama.sk/sk/knihy/485834/pryc-s-brisnim-tukem	Pryč s břišním tukem	17,15€	Životný štýl, zdravie	CZE		Esence	9788024296074	Polotuhá flexo	2024/04	140	200×254×14 mm	0,42	U dodávateľa	13%
https://literama.sk/sk/knihy/505450/hackovani-podle-henriho	Háčkování podle Henriho	15,22€	Hobby a voľný čas	CZE	Henri Purnell	METAFORA	9788076253360	Neviazaná, bez prebalu, lesklá	2024/08	136	245×190 mm	0,35	U dodávateľa	8%
https://literama.sk/sk/knihy/508727/cas-psychopatu	Čas psychopatů	20,22€	Náučná a odborná literatúra	CZE	František Honzák	Galén	9788074927188	Tvrdá, bez prebalu, lesklá	2024/08	335	130×190 mm	0,49	U dodávateľa	8%
https://literama.sk/sk/knihy/497842/steka-vrti-mluvi	Štěká, vrtí, mluví	17,98€	Hobby a voľný čas	CZE	Zofia Zaniewska-Wojtków; Piotr Wojtków	Pangea	9788027722143	Tvrdá, bez prebalu, lesklá	2024/06	300	130×200 mm	0,87	U dodávateľa	18%
https://literama.sk/sk/knihy/488035/novy-bioabecedar-hanky-zemanove	Nový BioAbecedář Hanky Zemanové	39,14€	Životný štýl, zdravie	CZE	Hana Zemanová	Predstavujeme: Hana Zemanová	9788088244394	Tvrdá, bez prebalu, lesklá	2023/12	432	210×220 mm		U dodávateľa	20%
https://literama.sk/sk/knihy/507317/diabetes-mellitus	Diabetes mellitus	12,74€	Náučná a odborná literatúra	CZE	Jana Nemcová; Edita Hlinková	Grada Publishing	9788027153619	Neviazaná, bez prebalu, lesklá	2024/09	144	240×167 mm	0,26	U dodávateľa	5%
https://literama.sk/sk/knihy/503890/kapesni-diar-2025-print-pop-fial	Kapesní diář 2025 Print Pop fialový	4,86€	Doplnkový tovar	CZE		HELMA	8596641010758		2024/10		80×150 mm	0,09	U dodávateľa	18%
https://literama.sk/sk/knihy/509011/samanska-kniha-zivota-a-smrti	Šamanská kniha života a smrti	20,64€	Náučná a odborná literatúra	CZE	Alberto Villoldo	Fontána	9788076512085	Brožovaná	2024/09	285	145×205	0,37	U dodávateľa	18%
https://literama.sk/sk/knihy/209153/osetrovatelstvi-idealy-a-realita-v-ambulantni-peci	Ošetřovatelství: ideály a realita v ambulantní péč	9,07€	Náučná a odborná literatúra	CZE	Helena Haškovcová; Jindra Pavlicová	Galén	9788074920639	Neviazaná, bez prebalu, lesklá	2501/31	122	130×190 mm	0,18	U dodávateľa	13%
https://literama.sk/sk/knihy/504849/notes-balacron-2025-strieborny	Notes Balacron 2025, strieborný, bodkovaný, 15 x 2	12,12€	Doplnkový tovar	SVK		PRESCOGROUP SK	8595689345952	Tvrdá, bez prebalu, lesklá	2024/09	192	210×151×17 mm	0,38	U dodávateľa	13%
https://literama.sk/sk/knihy/483408/jime-zdrave-pod-jednou-poklickou	Jíme zdravě pod jednou pokličkou	15,11€	Životný štýl, zdravie	CZE	kolektiv	Jíme zdravě	9788088387954	Tvrdá, bez prebalu, lesklá	2023/10	192	240×170×13 mm	0,38	U dodávateľa	8%
https://literama.sk/sk/knihy/507518/memorix-anatomy	Memorix Anatomy	72,05€	Náučná a odborná literatúra	GBR	Radovan Hudák; David Kachlík	TRITON	9788076842953	Tvrdá, bez prebalu, lesklá	2024/09	632	195×250×40 mm	1,59	U dodávateľa	12%
https://literama.sk/sk/knihy/505349/problem-bolesti-c-s-lewis	Problém bolesti	11,59€	Náučná a odborná literatúra	SVK	C. S. Lewis	Porta libri	9788081562723	Viazaná	2024/07	168	197×138×18 mm	0,31	U dodávateľa	14%
https://literama.sk/sk/knihy/499740/ako-funguje-mozog	Ako funguje mozog	21,64€	Náučná a odborná literatúra	SVK		IKAR	9788055195216	Viazaná	2024/09	224	233×195×25 mm	0,83	U dodávateľa	13%
https://literama.sk/sk/knihy/508162/notes-elegantny-linajkovany-13	Notes Elegantný, linajkovaný, 13 × 21 cm	8,64€	Doplnkový tovar	SVK		PRESCOGROUP SK	8595689343743	Tvrdá, bez prebalu, lesklá	2024/09	172	216×135×18 mm	0,36	U dodávateľa	13%
https://literama.sk/sk/knihy/495407/island-objavenie-ostrova	Island - objavenie ostrova	31,30€	Cestopisy	SVK	Martin Pročka	Martin Pročka	9788057056300	Pevná	2024/03	136	210×297	1,02	U dodávateľa	13%
https://literama.sk/sk/knihy/508684/basnicke-a-prozaicke-dilo	Básnické a prozaické dílo	30,49€	Poézia	CZE	Milan Koch	Malvern	9788075304988	Tvrdá, bez prebalu, lesklá	2024/09	740	210×240 mm	1,87	U dodávateľa	6%
https://literama.sk/sk/knihy/506682/bezpecnost-terapie-ochoreni-pohy	Bezpečnosť terapie ochorení pohybového systému	22,68€	Náučná a odborná literatúra	SVK	Milan Kriška, Ľubomír Virág	RAABE	9788081409684	Brožovaná	2024/08	100	148×210 mm	0,14	U dodávateľa	14%
https://literama.sk/sk/knihy/510014/neprehanim	Nepřeháním	13,47€	Poézia	CZE	Natálie Schejbalová	Bílý Vigvam	9788090914728	Neviazaná, bez prebalu, lesklá	2024/09	72	120×180 mm	0,11	U dodávateľa	18%
https://literama.sk/sk/knihy/511333/basne-trojlodi	Básně Trojlodí	27,00€	Poézia	CZE	Pavel Petr	Větrné mlýny	9788074435287	Tvrdá, bez prebalu, lesklá	2024/09	308	165×220×30 mm	0,62	U dodávateľa	18%
https://literama.sk/sk/knihy/487814/plemena-psov-kompletny-sprievod	Plemená psov  Kompletný sprievodca: Vyberte si spr	25,99€	Hobby a voľný čas	SVK		Príroda	9788055192697	Viazaná	2024/03	352	233×195×29 mm	1,19	U dodávateľa	13%
https://literama.sk/sk/knihy/507409/notes-malba-linajkovany-13-2	Notes Maľba, linajkovaný, 13 × 21 cm	8,64€	Doplnkový tovar	SVK		PRESCOGROUP SK	8595689343774	Tvrdá, bez prebalu, lesklá	2024/09	172	216×135×18 mm	0,36	U dodávateľa	13%
https://literama.sk/sk/knihy/511328/akvaristika-pro-zacatecniky	Akvaristika pro začátečníky	9,11€	Hobby a voľný čas	CZE	Hanns-J. Krause; Bernd Kaufmann	Vašut	9788075413765	Neviazaná, bez prebalu, lesklá	2024/10	112	167×235 mm	0,30	U dodávateľa	13%
https://literama.sk/sk/knihy/491830/camino-del-morte-ondrej-sebesta	Camino del Morte	16,22€	Cestopisy	CZE	Ondřej Šebesta	Nakladatelství Epocha	9788027801114	Neviazaná, bez prebalu, lesklá	2024/02	216	145×205 mm	0,44	U dodávateľa	20%
https://literama.sk/sk/knihy/482881/jime-zdrave-kazdy-den	Jíme zdravě každý den	19,08€	Životný štýl, zdravie	CZE	kolektiv	Jíme zdravě	9788088387862	Tvrdá, bez prebalu, lesklá	2023/10	192	178×248×22 mm	0,63	U dodávateľa	13%
https://literama.sk/sk/knihy/493195/cucina-vegetariana	Cucina Vegetariana	19,03€	Životný štýl, zdravie	SVK	Cettina Vicenzino	SLOVART	9788055664989	Tvrdá	2024/05	240	189×246 mm		U dodávateľa	13%
https://literama.sk/sk/knihy/485157/odporucania-pre-stravovanie-a-vy	Odporúčania pre stravovanie a výživu u dospelých	18,90€	Životný štýl, zdravie	SVK	Peter a kolektív Minárik	RAABE	9788081408007	Tvrdá, bez prebalu, lesklá	2023/11	216	148×210 mm	0,28	U dodávateľa	14%
https://literama.sk/sk/knihy/479960/kouzlo-fermentace-s-plisni-koji	Kouzlo fermentace s plísní koji	22,94€	Životný štýl, zdravie	CZE	Rich Shih; Jeremy Umansky	Alferia	9788027113422	Neviazaná, bez prebalu, lesklá	2023/10	352	167×240 mm	0,66	U dodávateľa	8%
https://literama.sk/sk/knihy/506266/liecive-rozpravky-ii	Liečivé rozprávky II	18,25€	Náučná a odborná literatúra	SVK	Monika Juranová	Monika Juranová	9788057058311	Viazaná	2024/08	82	226×224×15 mm	0,49	U dodávateľa	13%
https://literama.sk/sk/knihy/509238/orakulum-minulych-zivotu	Orákulum minulých životů	20,23€	Náučná a odborná literatúra	CZE	Isabelle Cerf; Amanda Wild	ALPRESS	9788076952775	Neviazaná, bez prebalu, lesklá	2024/09	160	92×134 mm	0,30	U dodávateľa	18%
https://literama.sk/sk/knihy/476788/paleo-kucharka-pro-zdravy-mikrob	Paleo kuchařka pro zdravý mikrobiom	21,42€	Životný štýl, zdravie	CZE	Alison Marrasová	Alpha book	9788088428176	Neviazaná, bez prebalu, lesklá	2023/07	208	190×230 mm	0,64	U dodávateľa	13%
https://literama.sk/sk/knihy/507319/krajkove-makrame-iva-proskova	Krajkové makramé	12,34€	Hobby a voľný čas	CZE	Iva Prošková	Grada Publishing	9788027137381	Tvrdá, bez prebalu, lesklá	2024/09	112	240×166 mm	0,43	U dodávateľa	8%
https://literama.sk/sk/knihy/500210/hackujeme-z-lyka	Háčkujeme z lýka	7,37€	Hobby a voľný čas	CZE	Michaela Lingfeld-Hertner	Vašut	9788075413796	Neviazaná, bez prebalu, lesklá	2024/06	48	170×210 mm	0,15	U dodávateľa	13%
https://literama.sk/sk/knihy/507787/somatologie-a-latinska-terminolo	Somatologie a latinská terminologie	15,22€	Náučná a odborná literatúra	CZE	Lada Stuchlá	Grada Publishing	9788027152056	Neviazaná, bez prebalu, lesklá	2024/09	218	240×167 mm	0,41	U dodávateľa	8%
https://literama.sk/sk/knihy/489899/vycvik-psa-na-prochazkach	Výcvik psa na procházkách	14,28€	Hobby a voľný čas	CZE	Katrin Hagmannová; Helge Siegerová	Esence	9788024295015	Neviazaná, bez prebalu, lesklá	2024/03	144	212×211×12 mm	0,44	U dodávateľa	13%
https://literama.sk/sk/knihy/496414/rytmus-roku-s-hankou-zemanovou-hana-zemanova	Rytmus roku s Hankou Zemanovou	52,74€	Životný štýl, zdravie	CZE	Hana Zemanová	Predstavujeme: Hana Zemanová	9788088244424	Tvrdá, bez prebalu, lesklá	2024/04	552	210×220 mm	1,79	U dodávateľa	12%
https://literama.sk/sk/knihy/505626/zachranme-elementarni-bytosti	Zachraňme elementární bytosti!	16,73€	Náučná a odborná literatúra	CZE	Thomas Mayer	Franesa	9788088337768	Brožovaná	2024/07	152	225×146×11 mm	0,22	U dodávateľa	13%
https://literama.sk/sk/knihy/508993/splendor-solis-aneb-slunecni-zar	Splendor Solis aneb Sluneční záře	39,58€	Náučná a odborná literatúra	CZE	Salomon Trismosin	Nakladatelstvi TRIGON	9788087908761	Brožovaná	2024/08	96	200×300		U dodávateľa	10%
https://literama.sk/sk/knihy/503539/ultrazpracovani-lide	Ultrazpracovaní lidé	17,77€	Životný štýl, zdravie	CZE	Chris van Tulleken	Jan Melvil Publishing	9788075552167	Neviazaná, bez prebalu, lesklá	2024/06	408	143×215 mm	0,59	U dodávateľa	13%
https://literama.sk/sk/knihy/476366/fit-recepty-vegan	Fit recepty Vegán	20,40€	Životný štýl, zdravie	SVK	Lucia Wagnerová	Fit brands	9788069012103	Tvrdá, bez prebalu, lesklá	2023/07	200	165×235 mm		U dodávateľa	18%
https://literama.sk/sk/knihy/507769/prakticky-atlas-akupunktury-petr-fiala	Praktický atlas akupunktury	31,33€	Náučná a odborná literatúra	CZE	Petr Fiala	Grada Publishing	9788024749419	Tvrdá, bez prebalu, lesklá	2024/08	328	240×167 mm	0,62	U dodávateľa	8%
https://literama.sk/sk/knihy/493824/rally-obedience	Rally obedience	17,54€	Hobby a voľný čas	CZE	Sandra Schäfer-Kollová	Plot	9788074284595	Brožovaná	2024/03	200	160×220 mm	0,58	U dodávateľa	20%
https://literama.sk/sk/knihy/497699/afghanistan	Afghánistán	33,43€	Cestopisy	CZE	Libor Dušek	Green Mango	9788090880580	Neviazaná, bez prebalu, lesklá	2024/04	208	210×300 mm	1,26	U dodávateľa	13%
https://literama.sk/sk/knihy/499393/korfu-s-pavlou-smetanovou-pavla-smetanova	Korfu s Pavlou Smetanovou	12,71€	Cestopisy	CZE	Pavla Smetanová	Nakladatelství Lidové noviny	9788074229619	Neviazaná, bez prebalu, lesklá	2024/06	198	125×204×18 mm	0,26	U dodávateľa	14%
https://literama.sk/sk/knihy/511746/nocni-vlaky	Noční vlaky	10,33€	Poézia	CZE	Jorge Teillier	Dybbuk	9788076901032	Tvrdá, bez prebalu, lesklá	2024/10	168	90×140 mm	0,15	U dodávateľa	6%
https://literama.sk/sk/knihy/506471/ucime-se-porozumet-chovani-psu	Učíme se porozumět chování psů	23,65€	Hobby a voľný čas	CZE	Maren Grote	VÍKEND	9788074334054	Neviazaná, bez prebalu, lesklá	2024/08	200	170×240 mm	0,60	U dodávateľa	12%
https://literama.sk/sk/knihy/500800/mezi-dusi-a-duchem-enneagram-a	Mezi duší a duchem - Enneagram a křesťanská spirit	13,14€	Náučná a odborná literatúra	CZE	Michal Petr, Denisa Červenková	TRITON	9788076843233	Brožovaná	2024/06	232	118×170×18 mm	0,23	U dodávateľa	20%
https://literama.sk/sk/knihy/512361/panoptikum-voskovych-figurin-jaroslav-klus	Panoptikum voskových figurín	11,90€	Poézia	SVK	Jaroslav Klus	Vydavateľstvo SSS	9788082022592	Tvrdá, bez prebalu, lesklá	2024/10	168	135×215 mm	0,33	U dodávateľa	20%
https://literama.sk/sk/knihy/498269/duse-na-cestach	Duše na cestách	25,63€	Cestopisy	CZE	Martina Merisi	JOTA	9788076893986	Tvrdá, s prebalom, lesklá	2024/06	408	160×230 mm	0,92	U dodávateľa	22%
https://literama.sk/sk/knihy/493901/horoskopy-2025-olga-krumlovska	Horoskopy 2025	14,28€	Náučná a odborná literatúra	CZE	Olga Krumlovská	Esence	9788024297965	Brožovaná	2024/07	304	200×122×25 mm	0,30	U dodávateľa	13%
https://literama.sk/sk/knihy/481994/jak-zhubnout-jednou-provzdy	Jak zhubnout jednou provždy	21,14€	Životný štýl, zdravie	CZE	Katrina Ubell	IFP Publishing	9788088472100	Viazaná	2023/10	256	176×250 mm	0,48	U dodávateľa	18%
https://literama.sk/sk/knihy/501632/panenske-oleje	Panenské oleje	12,34€	Životný štýl, zdravie	CZE	Ludmila Cernštejnová	Grada Publishing	9788027135479	Neviazaná, bez prebalu, lesklá	2024/06	128	190×135 mm	0,21	U dodávateľa	8%
https://literama.sk/sk/knihy/505586/astralni-cestovani-nejen-pro-car	Astrální cestování nejen pro čarodějnice	19,73€	Náučná a odborná literatúra	CZE	D. J. Conway	Fontána	9788076512078	Brožovaná	2024/07	288	148×210×28 mm	0,37	U dodávateľa	18%
https://literama.sk/sk/knihy/499336/jezdeni-v-terenu	Ježdění v terénu	22,31€	Hobby a voľný čas	CZE	Ingrid Klimke	Nakladatelství Brázda	9788020904805	Brožovaná	2024/05	104	170×240	0,29	U dodávateľa	18%
https://literama.sk/sk/knihy/506006/ekologicke-vcelareni-v-praxi	Ekologické včelaření v praxi	14,40€	Hobby a voľný čas	CZE	Tobias Miltenberger; David Gerstmeier	Grada Publishing	9788027139156	Neviazaná, bez prebalu, lesklá	2024/07	128	240×170 mm	0,35	U dodávateľa	8%
https://literama.sk/sk/knihy/504851/notes-balacron-2025-cierny-bod	Notes Balacron 2025, čierny, bodkovaný, 15 x 21 cm	12,12€	Doplnkový tovar	SVK		PRESCOGROUP SK	8595689345938		2024/09	192	209×151×16 mm	0,38	U dodávateľa	13%
https://literama.sk/sk/knihy/493664/chovame-hady-kompletni-priruck	Chováme hady - Kompletní příručka pro začátečníky	16,47€	Hobby a voľný čas	CZE	Miroslav Slavíček	Grada Publishing	9788024705972	Viazaná	2024/03	144	165×235	0,49	U dodávateľa	8%
https://literama.sk/sk/knihy/509653/vnitrni-lekarstvi-ii	Vnitřní lékařství II.	98,74€	Náučná a odborná literatúra	CZE	Ivan Rychlík; Petr Widimský	MAXDORF	9788073457815	Tvrdá, bez prebalu, lesklá	2024/09	760	200×265 mm	2,21	U dodávateľa	10%
https://literama.sk/sk/knihy/511530/potapacska-medicina	Potápačská medicína	68,98€	Náučná a odborná literatúra	SVK		Osveta	9788080635312		2024/09		210×290×30 mm	1,61	U dodávateľa	8%
https://literama.sk/sk/knihy/509487/mam-klepatko-od-nehlidanych-zahr-zbigniew-herbert	Mám klepátko od nehlídaných zahrad	13,47€	Poézia	CZE	Zbigniew Herbert	Protimluv	9788088456285	Neviazaná, bez prebalu, lesklá	2024/09	256	155×210 mm	0,51	U dodávateľa	18%
https://literama.sk/sk/knihy/504674/hracky-z-hacku-pro-holky-kluky	Hračky z háčku pro holky, kluky, miminka	23,85€	Hobby a voľný čas	CZE	Veronika Mašková	Esence	9788024299990	Viazaná	2024/09	192	238×207×20 mm	0,74	U dodávateľa	13%
https://literama.sk/sk/knihy/508386/andele-2025	Andělé 2025	6,44€	Doplnkový tovar	CZE		Bookmedia	8594186121212	Špirálová, hrebeňová	2024/12		250×255×10 mm	0,28	U dodávateľa	18%
https://literama.sk/sk/knihy/506957/chov-pstruhu	Chov pstruhů	25,56€	Hobby a voľný čas	CZE	Kurt Igler; Helga Bültermann-Igler; Elisabeth Licek	Nakladatelství Brázda	9788020904850	Neviazaná, bez prebalu, lesklá	2024/08	128	165×220 mm	0,29	U dodávateľa	18%
https://literama.sk/sk/knihy/504855/notes-balacron-2025-cierny-lin	Notes Balacron 2025, čierny, linajkovaný, 15 x 21	12,12€	Doplnkový tovar	SVK		PRESCOGROUP SK	8595689345891	Tvrdá, bez prebalu, lesklá	2024/09	192	210×151×17 mm	0,38	U dodávateľa	13%
https://literama.sk/sk/knihy/504850/notes-balacron-2025-tmavo-modry	Notes Balacron 2025, tmavo modrý, bodkovaný, 15 x	12,12€	Doplnkový tovar	SVK		PRESCOGROUP SK	8595689345945		2024/09	192	211×150×16 mm	0,37	U dodávateľa	13%
https://literama.sk/sk/knihy/505013/byli-jsme-oklamani-osho	Byli jsme oklamáni	12,28€	Náučná a odborná literatúra	CZE	Osho	BETA - Dobrovský	9788075936455	Neviazaná, bez prebalu, lesklá	2024/07	180	112×179×17 mm	0,18	U dodávateľa	14%
https://literama.sk/sk/knihy/489895/jak-jsem-dobyl-kypr-a-malem-i-ky	Jak jsem dobyl Kypr a málem i kypřany	11,71€	Cestopisy	CZE	Vladimír Tala	KLIKA	9788076661226	Neviazaná, bez prebalu, lesklá	2024/01	152	148×201 mm	0,23	U dodávateľa	13%
https://literama.sk/sk/knihy/503859/kocicky-2025-stolni-kalendar	Kočičky 2025 - stolní kalendář	2,82€	Doplnkový tovar	CZE		HELMA	8596641002531	Špirálová, hrebeňová	2024/10		173×173×5 mm	0,10	U dodávateľa	3%
https://literama.sk/sk/knihy/500514/velka-kniha-o-stromoch	Veľká kniha o stromoch	34,69€	Hobby a voľný čas	SVK		Príroda	9788055195469	Viazaná	2024/09	320	301×252×25 mm	1,98	U dodávateľa	13%
https://literama.sk/sk/knihy/492484/jedlo-ako-liek	Jedlo ako liek	5,64€	Životný štýl, zdravie	SVK		FONI book	9788084447683	Tvrdá, bez prebalu, lesklá	2024/02	160	175×245 mm	0,41	U dodávateľa	18%
https://literama.sk/sk/knihy/504853/notes-balacron-2025-strieborny	Notes Balacron 2025, strieborný, linajkovaný, 15 x	12,12€	Doplnkový tovar	SVK		PRESCOGROUP SK	8595689345914	Tvrdá, bez prebalu, lesklá	2024/09	192	210×152×17 mm	0,38	U dodávateľa	13%
https://literama.sk/sk/knihy/511323/hackujeme-ze-snurove-prize	Háčkujeme ze šňůrové příze	7,37€	Hobby a voľný čas	CZE	Natalie Nar	Vašut	9788075413789	Neviazaná, bez prebalu, lesklá	2024/10	64	170×210 mm	0,15	U dodávateľa	13%
https://literama.sk/sk/knihy/511745/krvaceni-mimo-program	Krvácení mimo program	10,33€	Poézia	CZE	Jan Tumlíř	Dybbuk	9788076901049	Tvrdá, bez prebalu, lesklá	2024/10	112	100×150 mm	0,12	U dodávateľa	6%
https://literama.sk/sk/knihy/498275/snih-sauna-suomi-michaela-ahonen	Sníh, sauna, Suomi	17,05€	Cestopisy	CZE	Michaela Ahonen	JOTA	9788076894082	Viazaná	2024/07	221	210×145×130 mm	0,47	U dodávateľa	22%
https://literama.sk/sk/knihy/511322/asistovana-reprodukce-pro-lekare-karel-rezabek	Asistovaná reprodukce pro lékaře	13,29€	Náučná a odborná literatúra	CZE	Karel Řežábek	MAXDORF	9788073457921	Neviazaná, bez prebalu, lesklá	2024/09	176	110×190 mm	0,20	U dodávateľa	18%
https://literama.sk/sk/knihy/509622/otorinolaryngologie-a-foniatrie	Otorinolaryngologie a foniatrie	33,48€	Náučná a odborná literatúra	CZE	Zdeněk Voldřich	Galén	9788074926716	Pevná	2024/09	227	155×225	0,53	U dodávateľa	13%
https://literama.sk/sk/knihy/476790/fermentovane-potraviny-ke-kazdem	Fermentované potraviny ke každému jídlu	21,42€	Životný štýl, zdravie	CZE	Hayley Barisa Ryczeková	Alpha book	9788088428183	Neviazaná, bez prebalu, lesklá	2023/07	192	160×240 mm	0,60	U dodávateľa	13%
https://literama.sk/sk/knihy/492334/korejske-halusky-dominika-sakmarova	Korejské halušky	20,46€	Cestopisy	CZE	Dominika Sakmárová	JOTA	9788076893443	Tvrdá, bez prebalu, lesklá	2024/04	192	160×230 mm	0,50	U dodávateľa	15%
https://literama.sk/sk/knihy/507141/energie-cisel-osobniho-roku	Energie čísel osobního roku	28,21€	Náučná a odborná literatúra	CZE	Ester Davidová	Davidová Ester	9788090704183	Špirálová väzba	2024/09	94	213×163×14 mm	0,27	U dodávateľa	13%
https://literama.sk/sk/knihy/510234/krajina-jazyka	Krajina jazyka	15,53€	Poézia	CZE	Brice Petit	Fra	9788075212238	Neviazaná, bez prebalu, lesklá	2024/09	284	100×170 mm	0,19	U dodávateľa	6%
https://literama.sk/sk/knihy/498179/vecny-pes	Věčný pes	26,34€	Hobby a voľný čas	CZE	Rodney Habib; Karen Shawová Beckerová	Plot	9788074284649	Tvrdá, bez prebalu, lesklá	2024/05	408	165×237 mm	0,94	U dodávateľa	20%
https://literama.sk/sk/knihy/506214/krcni-pater	Krční páteř	17,98€	Náučná a odborná literatúra	CZE	Petra Brachtová; Roland Liebscher-Bracht	Kazda	9788076701489	Neviazaná, bez prebalu, lesklá	2024/09	128	165×200 mm	0,29	U dodávateľa	18%
https://literama.sk/sk/knihy/495385/jezek-na-zahradce	Ježek na zahrádce	7,37€	Hobby a voľný čas	CZE	Christine Weidenweber	Vašut	9788075413680	Brožovaná	2024/04	88	167×235 mm	0,27	U dodávateľa	13%
https://literama.sk/sk/knihy/505983/najkrajsie-slovenske-chalupy-s-katkou-jesenskou	Najkrajšie slovenské chalupy s Katkou Jesenskou	20,77€	Hobby a voľný čas	SVK	Katarína Jesenská; Jaroslav Pavliga	MAFRA	9788082541024	Brožovaná	2024/07	230	215×240×30 mm		U dodávateľa	13%
https://literama.sk/sk/knihy/503082/pece-o-psa-a-jeho-vyziva	Péče o psa a jeho výživa	13,19€	Hobby a voľný čas	CZE	Anna Iglikowska	Bookmedia	9788076392663	Tvrdá, bez prebalu, lesklá	2024/06	192	170×250×18 mm	0,70	U dodávateľa	40%
https://literama.sk/sk/knihy/512007/zabijaci-v-zahradnikovych-sluzba	Zabijáci v zahradníkových službách	28,17€	Hobby a voľný čas	CZE	Jiří Nermuť	Profi Press	9788088306290	Neviazaná, bez prebalu, lesklá	2024/10	180	170×240 mm	0,52	U dodávateľa	18%
https://literama.sk/sk/knihy/491486/putovani-po-horni-luzici	Putování po Horní Lužici	18,64€	Cestopisy	CZE	Vratislav Košťál	Nakladatelství Olympia	9788073766870	Neviazaná, bez prebalu, lesklá	2024/03	232	130×200 mm	0,28	U dodávateľa	15%
https://literama.sk/sk/knihy/500205/peceme-pro-diabetiky	Pečeme pro diabetiky	7,37€	Životný štýl, zdravie	CZE	Matthias Riedl	Vašut	9788075413734	Neviazaná, bez prebalu, lesklá	2024/06	64	165×200 mm	0,17	U dodávateľa	13%
https://literama.sk/sk/knihy/510327/z-lasky-pre-teba	Z lásky pre teba	6,68€	Náučná a odborná literatúra	SVK	Ingrid Peťkovská	Vydavateľstvo Perlička	9788097277567	Brožovaná	2024/09	68	211×209×9 mm	0,13	U dodávateľa	13%
https://literama.sk/sk/knihy/511751/myslet-versem	Myslet veršem	10,33€	Poézia	CZE	Martin Heidegger	Dybbuk	9788076901056	Tvrdá, bez prebalu, lesklá	2024/10		90×140 mm	0,11	U dodávateľa	6%
https://literama.sk/sk/knihy/493392/400-snidane-brunch-kafe	400 - Snídaně, brunch, kafe	23,86€	Cestopisy	CZE	Lukáš Hejlík	Došel karamel	9788088465102	Tvrdá	2024/04	304	170×210	0,60	U dodávateľa	13%
https://literama.sk/sk/knihy/509669/s-penou-u-huby-vratislav-brabenec	S pěnou u huby	12,93€	Poézia	CZE	Vratislav Brabenec	KOSMAS	9788072873067	Tvrdá, bez prebalu, lesklá	2024/09	152	110×150 mm	0,15	U dodávateľa	6%
https://literama.sk/sk/knihy/509117/lunarni-dny-a-novy-lunarny-kalen	Lunární dny a Nový lunárny kalendár 2025	13,77€	Náučná a odborná literatúra	SVK	Vladimír Jakubec; T. N.  Zjurnjajeva	Eugenika	9788081470073	Neviazaná, bez prebalu, lesklá	2024/09	144	235×290 mm	0,30	U dodávateľa	8%
https://literama.sk/sk/knihy/500204/naramky-pratelstvi	Náramky přátelství	7,37€	Hobby a voľný čas	CZE	Nadine Voigt	Vašut	9788075413901	Neviazaná, bez prebalu, lesklá	2024/06	64	170×210 mm	0,17	U dodávateľa	13%
https://literama.sk/sk/knihy/503846/na-horach-2025-stolni-kalendar	Na horách 2025 - stolní kalendář	2,82€	Doplnkový tovar	CZE		HELMA	8596641003422	Špirálová, hrebeňová	2024/09		235×180×15 mm	0,09	Zaisťujeme	3%
https://literama.sk/sk/knihy/505355/notes-lalia-linajkovany-13-2	Notes Ľalia, linajkovaný, 13 × 21 cm	8,64€	Doplnkový tovar	SVK		PRESCOGROUP SK	8595689343712	Tvrdá, bez prebalu, lesklá	2024/09		216×135×18 mm	0,36	U dodávateľa	13%
https://literama.sk/sk/knihy/480811/fyziologia-cloveka-pre-nelekarsk-andrea-calkovska	Fyziológia človeka pre nelekárske študijné odbory	9,55€	Náučná a odborná literatúra	SVK	Andrea Čalkovská	Osveta	9788080635206	Brožovaná	2024/09	220	170×240	0,39	Na dopyt	13%
https://literama.sk/sk/knihy/476789/vsadte-na-rostlinne-bilkoviny	Vsaďte na rostlinné bílkoviny	21,42€	Životný štýl, zdravie	CZE	Robin Robertsonová	Alpha book	9788088428169	Neviazaná, bez prebalu, lesklá	2023/07	192	190×230 mm	0,60	U dodávateľa	13%
https://literama.sk/sk/knihy/503852/motorky-2025-stolni-kalendar	Motorky 2025 - stolní kalendář	3,39€	Doplnkový tovar	CZE		HELMA	8596641003309	Špirálová, hrebeňová	2024/09		230×174×5 mm	0,14	U dodávateľa	3%
https://literama.sk/sk/knihy/512081/prva-pomoc-pre-vase-dieta	Prvá pomoc pre vaše dieťa	19,29€	Náučná a odborná literatúra	SVK	Larissa Meier	Grada Publishing	9788080908300	Neviazaná, bez prebalu, lesklá	2024/09	304	135×215 mm	0,56	U dodávateľa	8%
https://literama.sk/sk/knihy/510230/bile-predani-cerne-zbytky	Bílé předání & Černé zbytky	20,72€	Poézia	CZE	Guy Viarre	Fra	9788075212313	Neviazaná, bez prebalu, lesklá	2024/09	396	100×170 mm	0,26	U dodávateľa	6%
https://literama.sk/sk/knihy/503851/tipy-na-vylety-2025-stolni-kal	Tipy na výlety 2025 - stolní kalendář	2,82€	Doplnkový tovar	CZE		HELMA	8596641002487	Špirálová, hrebeňová	2024/09		172×172×5 mm	0,10	U dodávateľa	3%
